-- CDL 2025 Consolidated Data
-- Assumes schema.sql has already been run

-- Insert Tournaments (Majors 1-4 and Champs)
INSERT INTO tournaments (id, season_id, name, tournament_type, start_date) VALUES
(1, 6, 'Major 1', 'Major', '2025-02-01'),
(2, 6, 'Major 2', 'Major', '2025-03-01'),
(3, 6, 'Major 3', 'Major', '2025-04-01'),
(4, 6, 'Major 4', 'Major', '2025-05-01'),
(5, 6, 'Champs', 'Championship', '2025-06-01');

-- Insert Teams (all unique teams from Majors and Champs)
INSERT INTO teams (name, abbreviation, city, is_active) VALUES
('OpTic TEX', 'TEX', 'Dallas', true),
('TOR Ultra', 'TOR', 'Toronto', true),
('BOS Breach', 'BOS', 'Boston', true),
('CAR Royal Ravens', 'CAR', 'Charlotte', true),
('LA Thieves', 'LAT', 'Los Angeles', true),
('ATL FaZe', 'ATL', 'Atlanta', true),
('VAN Surge', 'VAN', 'Vancouver', true),
('MIA Heretics', 'MIA', 'Miami', true),
('LA Guerrillas M8', 'LAG', 'Los Angeles', true),
('MIN RØKKR', 'MIN', 'Minneapolis', true),
('Cloud9 NY', 'NYC', 'New York', true),
('LV Falcons', 'LVF', 'Las Vegas', true);

-- Insert Coaches (all unique coaches from all events)
INSERT INTO coaches (name, team_id, season_id) VALUES
('JP Krez', (SELECT id FROM teams WHERE name = 'OpTic TEX'), 6),
('Karma', (SELECT id FROM teams WHERE name = 'OpTic TEX'), 6),
('Flux', (SELECT id FROM teams WHERE name = 'TOR Ultra'), 6),
('Joee', (SELECT id FROM teams WHERE name = 'TOR Ultra'), 6),
('Seany', (SELECT id FROM teams WHERE name = 'BOS Breach'), 6),
('Magxck', (SELECT id FROM teams WHERE name = 'BOS Breach'), 6),
('Saintt', (SELECT id FROM teams WHERE name = 'CAR Royal Ravens'), 6),
('ShAnE', (SELECT id FROM teams WHERE name = 'LA Thieves'), 6),
('Sender', (SELECT id FROM teams WHERE name = 'LA Thieves'), 6),
('Crowder', (SELECT id FROM teams WHERE name = 'ATL FaZe'), 6),
('RJ', (SELECT id FROM teams WHERE name = 'ATL FaZe'), 6),
('Rambo', (SELECT id FROM teams WHERE name = 'VAN Surge'), 6),
('Methodz', (SELECT id FROM teams WHERE name = 'MIA Heretics'), 6),
('Sikotik', (SELECT id FROM teams WHERE name = 'MIA Heretics'), 6),
('DREAL', (SELECT id FROM teams WHERE name = 'LA Guerrillas M8'), 6),
('MarkyB', (SELECT id FROM teams WHERE name = 'LA Guerrillas M8'), 6),
('Loony', (SELECT id FROM teams WHERE name = 'MIN RØKKR'), 6),
('Alexdotzip', (SELECT id FROM teams WHERE name = 'MIN RØKKR'), 6),
('Accuracy', (SELECT id FROM teams WHERE name = 'Cloud9 NY'), 6),
('Arian', (SELECT id FROM teams WHERE name = 'Cloud9 NY'), 6),
('LewTee', (SELECT id FROM teams WHERE name = 'LV Falcons'), 6),
('Clayster', (SELECT id FROM teams WHERE name = 'LV Falcons'), 6);

-- Insert Players (all unique players from all events)
INSERT INTO players (gamertag, is_active) VALUES
('Shotzzy', true),('Dashy', true),('Kenny', true),('Huke', true),('CleanX', true),('Insight', true),('Beans', true),('JoeDeceives', true),('Snoopy', true),('Cammy', true),('Owakening', true),('Purj', true),('Gwinn', true),('TJHaLy', true),('SlasheR', true),('Vivid', true),('Ghosty', true),('Scrap', true),('HyDra', true),('Envoy', true),('aBeZy', true),('Cellium', true),('Simp', true),('Drazah', true),('Abuzah', true),('04', true),('Hicksy', true),('Nastie', true),('Lucky', true),('MettalZ', true),('ReeaL', true),('RenKoR', true),('Lynz', true),('KiSMET', true),('Skyz', true),('Priestahh', true),('Nero', true),('Gio', true),('Estreal', true),('PaulEhx', true),('Sib', true),('Attach', true),('Kremp', true),('Mack', true),('Roxas', true),('Exnid', true),('d7oom', true),('KiinG', true),('Neptune', true),('Pred', true),('Lunarz', true),('FeLo', true),('oJohnny', true),('Mercules', true),('SupeR', true),('Wrecks', true),('Arcitys', true),('Spart', true),('Capsidal', true);

-- Insert Team Rosters (all assignments for season 6, using all unique players/teams)
-- Major 1
INSERT INTO team_rosters (team_id, player_id, season_id, is_starter, start_date) VALUES
((SELECT id FROM teams WHERE name = 'OpTic TEX'), (SELECT id FROM players WHERE gamertag = 'Shotzzy'), 6, true, '2024-11-01'),
((SELECT id FROM teams WHERE name = 'OpTic TEX'), (SELECT id FROM players WHERE gamertag = 'Dashy'), 6, true, '2024-11-01'),
((SELECT id FROM teams WHERE name = 'OpTic TEX'), (SELECT id FROM players WHERE gamertag = 'Kenny'), 6, true, '2024-11-01'),
((SELECT id FROM teams WHERE name = 'OpTic TEX'), (SELECT id FROM players WHERE gamertag = 'Huke'), 6, true, '2024-11-01'),
((SELECT id FROM teams WHERE name = 'TOR Ultra'), (SELECT id FROM players WHERE gamertag = 'CleanX'), 6, true, '2024-11-01'),
((SELECT id FROM teams WHERE name = 'TOR Ultra'), (SELECT id FROM players WHERE gamertag = 'Insight'), 6, true, '2024-11-01'),
((SELECT id FROM teams WHERE name = 'TOR Ultra'), (SELECT id FROM players WHERE gamertag = 'Beans'), 6, true, '2024-11-01'),
((SELECT id FROM teams WHERE name = 'TOR Ultra'), (SELECT id FROM players WHERE gamertag = 'JoeDeceives'), 6, true, '2024-11-01'),
((SELECT id FROM teams WHERE name = 'BOS Breach'), (SELECT id FROM players WHERE gamertag = 'Snoopy'), 6, true, '2024-11-01'),
((SELECT id FROM teams WHERE name = 'BOS Breach'), (SELECT id FROM players WHERE gamertag = 'Cammy'), 6, true, '2024-11-01'),
((SELECT id FROM teams WHERE name = 'BOS Breach'), (SELECT id FROM players WHERE gamertag = 'Owakening'), 6, true, '2024-11-01'),
((SELECT id FROM teams WHERE name = 'BOS Breach'), (SELECT id FROM players WHERE gamertag = 'Purj'), 6, true, '2024-11-01'),
((SELECT id FROM teams WHERE name = 'CAR Royal Ravens'), (SELECT id FROM players WHERE gamertag = 'Gwinn'), 6, true, '2024-11-01'),
((SELECT id FROM teams WHERE name = 'CAR Royal Ravens'), (SELECT id FROM players WHERE gamertag = 'TJHaLy'), 6, true, '2024-11-01'),
((SELECT id FROM teams WHERE name = 'CAR Royal Ravens'), (SELECT id FROM players WHERE gamertag = 'SlasheR'), 6, true, '2024-11-01'),
((SELECT id FROM teams WHERE name = 'CAR Royal Ravens'), (SELECT id FROM players WHERE gamertag = 'Vivid'), 6, true, '2024-11-01'),
((SELECT id FROM teams WHERE name = 'LA Thieves'), (SELECT id FROM players WHERE gamertag = 'Ghosty'), 6, true, '2024-11-01'),
((SELECT id FROM teams WHERE name = 'LA Thieves'), (SELECT id FROM players WHERE gamertag = 'Scrap'), 6, true, '2024-11-01'),
((SELECT id FROM teams WHERE name = 'LA Thieves'), (SELECT id FROM players WHERE gamertag = 'HyDra'), 6, true, '2024-11-01'),
((SELECT id FROM teams WHERE name = 'LA Thieves'), (SELECT id FROM players WHERE gamertag = 'Envoy'), 6, true, '2024-11-01'),
((SELECT id FROM teams WHERE name = 'ATL FaZe'), (SELECT id FROM players WHERE gamertag = 'aBeZy'), 6, true, '2024-11-01'),
((SELECT id FROM teams WHERE name = 'ATL FaZe'), (SELECT id FROM players WHERE gamertag = 'Cellium'), 6, true, '2024-11-01'),
((SELECT id FROM teams WHERE name = 'ATL FaZe'), (SELECT id FROM players WHERE gamertag = 'Simp'), 6, true, '2024-11-01'),
((SELECT id FROM teams WHERE name = 'ATL FaZe'), (SELECT id FROM players WHERE gamertag = 'Drazah'), 6, true, '2024-11-01'),
((SELECT id FROM teams WHERE name = 'VAN Surge'), (SELECT id FROM players WHERE gamertag = 'Abuzah'), 6, true, '2024-11-01'),
((SELECT id FROM teams WHERE name = 'VAN Surge'), (SELECT id FROM players WHERE gamertag = '04'), 6, true, '2024-11-01'),
((SELECT id FROM teams WHERE name = 'VAN Surge'), (SELECT id FROM players WHERE gamertag = 'Hicksy'), 6, true, '2024-11-01'),
((SELECT id FROM teams WHERE name = 'VAN Surge'), (SELECT id FROM players WHERE gamertag = 'Nastie'), 6, true, '2024-11-01'),
((SELECT id FROM teams WHERE name = 'MIA Heretics'), (SELECT id FROM players WHERE gamertag = 'Lucky'), 6, true, '2024-11-01'),
((SELECT id FROM teams WHERE name = 'MIA Heretics'), (SELECT id FROM players WHERE gamertag = 'MettalZ'), 6, true, '2024-11-01'),
((SELECT id FROM teams WHERE name = 'MIA Heretics'), (SELECT id FROM players WHERE gamertag = 'ReeaL'), 6, true, '2024-11-01'),
((SELECT id FROM teams WHERE name = 'MIA Heretics'), (SELECT id FROM players WHERE gamertag = 'RenKoR'), 6, true, '2024-11-01'),
((SELECT id FROM teams WHERE name = 'LA Guerrillas M8'), (SELECT id FROM players WHERE gamertag = 'Lynz'), 6, true, '2024-11-01'),
((SELECT id FROM teams WHERE name = 'LA Guerrillas M8'), (SELECT id FROM players WHERE gamertag = 'KiSMET'), 6, true, '2024-11-01'),
((SELECT id FROM teams WHERE name = 'LA Guerrillas M8'), (SELECT id FROM players WHERE gamertag = 'Skyz'), 6, true, '2024-11-01'),
((SELECT id FROM teams WHERE name = 'LA Guerrillas M8'), (SELECT id FROM players WHERE gamertag = 'Priestahh'), 6, true, '2024-11-01'),
((SELECT id FROM teams WHERE name = 'MIN RØKKR'), (SELECT id FROM players WHERE gamertag = 'Nero'), 6, true, '2024-11-01'),
((SELECT id FROM teams WHERE name = 'MIN RØKKR'), (SELECT id FROM players WHERE gamertag = 'Gio'), 6, true, '2024-11-01'),
((SELECT id FROM teams WHERE name = 'MIN RØKKR'), (SELECT id FROM players WHERE gamertag = 'Estreal'), 6, true, '2024-11-01'),
((SELECT id FROM teams WHERE name = 'MIN RØKKR'), (SELECT id FROM players WHERE gamertag = 'PaulEhx'), 6, true, '2024-11-01'),
((SELECT id FROM teams WHERE name = 'Cloud9 NY'), (SELECT id FROM players WHERE gamertag = 'Sib'), 6, true, '2024-11-01'),
((SELECT id FROM teams WHERE name = 'Cloud9 NY'), (SELECT id FROM players WHERE gamertag = 'Attach'), 6, true, '2024-11-01'),
((SELECT id FROM teams WHERE name = 'Cloud9 NY'), (SELECT id FROM players WHERE gamertag = 'Kremp'), 6, true, '2024-11-01'),
((SELECT id FROM teams WHERE name = 'Cloud9 NY'), (SELECT id FROM players WHERE gamertag = 'Mack'), 6, true, '2024-11-01'),
((SELECT id FROM teams WHERE name = 'LV Falcons'), (SELECT id FROM players WHERE gamertag = 'Roxas'), 6, true, '2024-11-01'),
((SELECT id FROM teams WHERE name = 'LV Falcons'), (SELECT id FROM players WHERE gamertag = 'Exnid'), 6, true, '2024-11-01'),
((SELECT id FROM teams WHERE name = 'LV Falcons'), (SELECT id FROM players WHERE gamertag = 'd7oom'), 6, true, '2024-11-01'),
((SELECT id FROM teams WHERE name = 'LV Falcons'), (SELECT id FROM players WHERE gamertag = 'KiinG'), 6, true, '2024-11-01');
-- Major 1
INSERT INTO player_tournament_stats (player_id, team_id, tournament_id, total_kills, total_deaths, total_assists, total_damage, kd_ratio, kda_ratio) VALUES
((SELECT id FROM players WHERE gamertag = 'Scrap'), (SELECT id FROM teams WHERE name = 'LA Thieves'), 1, 438, 370, 0, 0, 1.184, 1.184),
((SELECT id FROM players WHERE gamertag = 'Envoy'), (SELECT id FROM teams WHERE name = 'LA Thieves'), 1, 420, 369, 0, 0, 1.138, 1.138),
((SELECT id FROM players WHERE gamertag = 'HyDra'), (SELECT id FROM teams WHERE name = 'LA Thieves'), 1, 401, 378, 0, 0, 1.061, 1.061),
((SELECT id FROM players WHERE gamertag = 'Ghosty'), (SELECT id FROM teams WHERE name = 'LA Thieves'), 1, 386, 368, 0, 0, 1.049, 1.049),
((SELECT id FROM players WHERE gamertag = 'Gwinn'), (SELECT id FROM teams WHERE name = 'CAR Royal Ravens'), 1, 383, 372, 0, 0, 1.030, 1.030),
((SELECT id FROM players WHERE gamertag = 'TJHaLy'), (SELECT id FROM teams WHERE name = 'CAR Royal Ravens'), 1, 398, 394, 0, 0, 1.010, 1.010),
((SELECT id FROM players WHERE gamertag = 'SlasheR'), (SELECT id FROM teams WHERE name = 'CAR Royal Ravens'), 1, 340, 346, 0, 0, 0.983, 0.983),
((SELECT id FROM players WHERE gamertag = 'Vivid'), (SELECT id FROM teams WHERE name = 'CAR Royal Ravens'), 1, 381, 418, 0, 0, 0.912, 0.912),
((SELECT id FROM players WHERE gamertag = 'ReeaL'), (SELECT id FROM teams WHERE name = 'MIA Heretics'), 1, 396, 394, 0, 0, 1.005, 1.005),
((SELECT id FROM players WHERE gamertag = 'RenKoR'), (SELECT id FROM teams WHERE name = 'MIA Heretics'), 1, 362, 387, 0, 0, 0.935, 0.935),
((SELECT id FROM players WHERE gamertag = 'MettalZ'), (SELECT id FROM teams WHERE name = 'MIA Heretics'), 1, 354, 418, 0, 0, 0.847, 0.847),
((SELECT id FROM players WHERE gamertag = 'Lucky'), (SELECT id FROM teams WHERE name = 'MIA Heretics'), 1, 353, 368, 0, 0, 0.959, 0.959),
((SELECT id FROM players WHERE gamertag = 'Simp'), (SELECT id FROM teams WHERE name = 'ATL FaZe'), 1, 336, 314, 0, 0, 1.070, 1.070),
((SELECT id FROM players WHERE gamertag = 'Drazah'), (SELECT id FROM teams WHERE name = 'ATL FaZe'), 1, 331, 318, 0, 0, 1.041, 1.041),
((SELECT id FROM players WHERE gamertag = 'aBeZy'), (SELECT id FROM teams WHERE name = 'ATL FaZe'), 1, 326, 329, 0, 0, 0.991, 0.991),
((SELECT id FROM players WHERE gamertag = 'Cellium'), (SELECT id FROM teams WHERE name = 'ATL FaZe'), 1, 320, 289, 0, 0, 1.107, 1.107),
((SELECT id FROM players WHERE gamertag = 'Gio'), (SELECT id FROM teams WHERE name = 'MIN RØKKR'), 1, 305, 247, 0, 0, 1.235, 1.235),
((SELECT id FROM players WHERE gamertag = 'Nero'), (SELECT id FROM teams WHERE name = 'MIN RØKKR'), 1, 294, 270, 0, 0, 1.089, 1.089),
((SELECT id FROM players WHERE gamertag = 'Estreal'), (SELECT id FROM teams WHERE name = 'MIN RØKKR'), 1, 261, 259, 0, 0, 1.008, 1.008),
((SELECT id FROM players WHERE gamertag = 'PaulEhx'), (SELECT id FROM teams WHERE name = 'MIN RØKKR'), 1, 255, 271, 0, 0, 0.941, 0.941),
((SELECT id FROM players WHERE gamertag = 'Huke'), (SELECT id FROM teams WHERE name = 'OpTic TEX'), 1, 253, 235, 0, 0, 1.077, 1.077),
((SELECT id FROM players WHERE gamertag = 'Shotzzy'), (SELECT id FROM teams WHERE name = 'OpTic TEX'), 1, 250, 260, 0, 0, 0.962, 0.962),
((SELECT id FROM players WHERE gamertag = 'Kenny'), (SELECT id FROM teams WHERE name = 'OpTic TEX'), 1, 242, 274, 0, 0, 0.883, 0.883),
((SELECT id FROM players WHERE gamertag = 'Dashy'), (SELECT id FROM teams WHERE name = 'OpTic TEX'), 1, 240, 258, 0, 0, 0.930, 0.930),
((SELECT id FROM players WHERE gamertag = 'CleanX'), (SELECT id FROM teams WHERE name = 'TOR Ultra'), 1, 231, 221, 0, 0, 1.045, 1.045),
((SELECT id FROM players WHERE gamertag = 'JoeDeceives'), (SELECT id FROM teams WHERE name = 'TOR Ultra'), 1, 225, 221, 0, 0, 1.018, 1.018),
((SELECT id FROM players WHERE gamertag = 'Beans'), (SELECT id FROM teams WHERE name = 'TOR Ultra'), 1, 210, 191, 0, 0, 1.100, 1.100),
((SELECT id FROM players WHERE gamertag = 'Insight'), (SELECT id FROM teams WHERE name = 'TOR Ultra'), 1, 203, 196, 0, 0, 1.036, 1.036),
((SELECT id FROM players WHERE gamertag = 'Sib'), (SELECT id FROM teams WHERE name = 'Cloud9 NY'), 1, 193, 172, 0, 0, 1.122, 1.122),
((SELECT id FROM players WHERE gamertag = 'Kremp'), (SELECT id FROM teams WHERE name = 'Cloud9 NY'), 1, 188, 182, 0, 0, 1.033, 1.033),
((SELECT id FROM players WHERE gamertag = 'Mack'), (SELECT id FROM teams WHERE name = 'Cloud9 NY'), 1, 183, 197, 0, 0, 0.929, 0.929),
((SELECT id FROM players WHERE gamertag = 'Attach'), (SELECT id FROM teams WHERE name = 'Cloud9 NY'), 1, 162, 168, 0, 0, 0.964, 0.964),
((SELECT id FROM players WHERE gamertag = '04'), (SELECT id FROM teams WHERE name = 'VAN Surge'), 1, 147, 166, 0, 0, 0.886, 0.886),
((SELECT id FROM players WHERE gamertag = 'Abuzah'), (SELECT id FROM teams WHERE name = 'VAN Surge'), 1, 145, 160, 0, 0, 0.906, 0.906),
((SELECT id FROM players WHERE gamertag = 'Hicksy'), (SELECT id FROM teams WHERE name = 'VAN Surge'), 1, 114, 142, 0, 0, 0.803, 0.803),
((SELECT id FROM players WHERE gamertag = 'Nastie'), (SELECT id FROM teams WHERE name = 'VAN Surge'), 1, 129, 146, 0, 0, 0.884, 0.884),
((SELECT id FROM players WHERE gamertag = 'Snoopy'), (SELECT id FROM teams WHERE name = 'BOS Breach'), 1, 142, 138, 0, 0, 1.029, 1.029),
((SELECT id FROM players WHERE gamertag = 'Cammy'), (SELECT id FROM teams WHERE name = 'BOS Breach'), 1, 113, 152, 0, 0, 0.743, 0.743),
((SELECT id FROM players WHERE gamertag = 'Owakening'), (SELECT id FROM teams WHERE name = 'BOS Breach'), 1, 132, 137, 0, 0, 0.964, 0.964),
((SELECT id FROM players WHERE gamertag = 'Purj'), (SELECT id FROM teams WHERE name = 'BOS Breach'), 1, 124, 165, 0, 0, 0.752, 0.752),
((SELECT id FROM players WHERE gamertag = 'Lynz'), (SELECT id FROM teams WHERE name = 'LA Guerrillas M8'), 1, 89, 79, 0, 0, 1.127, 1.127),
((SELECT id FROM players WHERE gamertag = 'KiSMET'), (SELECT id FROM teams WHERE name = 'LA Guerrillas M8'), 1, 94, 85, 0, 0, 1.106, 1.106),
((SELECT id FROM players WHERE gamertag = 'Skyz'), (SELECT id FROM teams WHERE name = 'LA Guerrillas M8'), 1, 74, 78, 0, 0, 0.949, 0.949),
((SELECT id FROM players WHERE gamertag = 'Priestahh'), (SELECT id FROM teams WHERE name = 'LA Guerrillas M8'), 1, 84, 83, 0, 0, 1.012, 1.012),
((SELECT id FROM players WHERE gamertag = 'KiinG'), (SELECT id FROM teams WHERE name = 'LV Falcons'), 1, 72, 70, 0, 0, 1.029, 1.029),
((SELECT id FROM players WHERE gamertag = 'Exnid'), (SELECT id FROM teams WHERE name = 'LV Falcons'), 1, 63, 62, 0, 0, 1.016, 1.016),
((SELECT id FROM players WHERE gamertag = 'Roxas'), (SELECT id FROM teams WHERE name = 'LV Falcons'), 1, 51, 64, 0, 0, 0.797, 0.797),
((SELECT id FROM players WHERE gamertag = 'd7oom'), (SELECT id FROM teams WHERE name = 'LV Falcons'), 1, 46, 67, 0, 0, 0.687, 0.687);
-- Major 2
INSERT INTO team_rosters (team_id, player_id, season_id, is_starter, start_date) VALUES
((SELECT id FROM teams WHERE name = 'LA Thieves'), (SELECT id FROM players WHERE gamertag = 'Ghosty'), 6, true, '2024-11-01'),
((SELECT id FROM teams WHERE name = 'LA Thieves'), (SELECT id FROM players WHERE gamertag = 'Scrap'), 6, true, '2024-11-01'),
((SELECT id FROM teams WHERE name = 'LA Thieves'), (SELECT id FROM players WHERE gamertag = 'HyDra'), 6, true, '2024-11-01'),
((SELECT id FROM teams WHERE name = 'LA Thieves'), (SELECT id FROM players WHERE gamertag = 'Envoy'), 6, true, '2024-11-01'),
((SELECT id FROM teams WHERE name = 'ATL FaZe'), (SELECT id FROM players WHERE gamertag = 'aBeZy'), 6, true, '2024-11-01'),
((SELECT id FROM teams WHERE name = 'ATL FaZe'), (SELECT id FROM players WHERE gamertag = 'Cellium'), 6, true, '2024-11-01'),
((SELECT id FROM teams WHERE name = 'ATL FaZe'), (SELECT id FROM players WHERE gamertag = 'Simp'), 6, true, '2024-11-01'),
((SELECT id FROM teams WHERE name = 'ATL FaZe'), (SELECT id FROM players WHERE gamertag = 'Drazah'), 6, true, '2024-11-01'),
((SELECT id FROM teams WHERE name = 'TOR Ultra'), (SELECT id FROM players WHERE gamertag = 'CleanX'), 6, true, '2024-11-01'),
((SELECT id FROM teams WHERE name = 'TOR Ultra'), (SELECT id FROM players WHERE gamertag = 'Insight'), 6, true, '2024-11-01'),
((SELECT id FROM teams WHERE name = 'TOR Ultra'), (SELECT id FROM players WHERE gamertag = 'Beans'), 6, true, '2024-11-01'),
((SELECT id FROM teams WHERE name = 'TOR Ultra'), (SELECT id FROM players WHERE gamertag = 'JoeDeceives'), 6, true, '2024-11-01'),
((SELECT id FROM teams WHERE name = 'CAR Royal Ravens'), (SELECT id FROM players WHERE gamertag = 'Gwinn'), 6, true, '2024-11-01'),
((SELECT id FROM teams WHERE name = 'CAR Royal Ravens'), (SELECT id FROM players WHERE gamertag = 'TJHaLy'), 6, true, '2024-11-01'),
((SELECT id FROM teams WHERE name = 'CAR Royal Ravens'), (SELECT id FROM players WHERE gamertag = 'SlasheR'), 6, true, '2024-11-01'),
((SELECT id FROM teams WHERE name = 'CAR Royal Ravens'), (SELECT id FROM players WHERE gamertag = 'Vivid'), 6, true, '2024-11-01'),
((SELECT id FROM teams WHERE name = 'VAN Surge'), (SELECT id FROM players WHERE gamertag = 'Abuzah'), 6, true, '2024-11-01'),
((SELECT id FROM teams WHERE name = 'VAN Surge'), (SELECT id FROM players WHERE gamertag = '04'), 6, true, '2024-11-01'),
((SELECT id FROM teams WHERE name = 'VAN Surge'), (SELECT id FROM players WHERE gamertag = 'Nastie'), 6, true, '2024-11-01'),
((SELECT id FROM teams WHERE name = 'VAN Surge'), (SELECT id FROM players WHERE gamertag = 'Neptune'), 6, true, '2024-11-01'),
((SELECT id FROM teams WHERE name = 'Cloud9 NY'), (SELECT id FROM players WHERE gamertag = 'Sib'), 6, true, '2024-11-01'),
((SELECT id FROM teams WHERE name = 'Cloud9 NY'), (SELECT id FROM players WHERE gamertag = 'Attach'), 6, true, '2024-11-01'),
((SELECT id FROM teams WHERE name = 'Cloud9 NY'), (SELECT id FROM players WHERE gamertag = 'Kremp'), 6, true, '2024-11-01'),
((SELECT id FROM teams WHERE name = 'Cloud9 NY'), (SELECT id FROM players WHERE gamertag = 'Mack'), 6, true, '2024-11-01'),
((SELECT id FROM teams WHERE name = 'MIN RØKKR'), (SELECT id FROM players WHERE gamertag = 'Nero'), 6, true, '2024-11-01'),
((SELECT id FROM teams WHERE name = 'MIN RØKKR'), (SELECT id FROM players WHERE gamertag = 'Gio'), 6, true, '2024-11-01'),
((SELECT id FROM teams WHERE name = 'MIN RØKKR'), (SELECT id FROM players WHERE gamertag = 'Estreal'), 6, true, '2024-11-01'),
((SELECT id FROM teams WHERE name = 'MIN RØKKR'), (SELECT id FROM players WHERE gamertag = 'PaulEhx'), 6, true, '2024-11-01'),
((SELECT id FROM teams WHERE name = 'BOS Breach'), (SELECT id FROM players WHERE gamertag = 'Snoopy'), 6, true, '2024-11-01'),
((SELECT id FROM teams WHERE name = 'BOS Breach'), (SELECT id FROM players WHERE gamertag = 'Cammy'), 6, true, '2024-11-01'),
((SELECT id FROM teams WHERE name = 'BOS Breach'), (SELECT id FROM players WHERE gamertag = 'Owakening'), 6, true, '2024-11-01'),
((SELECT id FROM teams WHERE name = 'BOS Breach'), (SELECT id FROM players WHERE gamertag = 'Purj'), 6, true, '2024-11-01'),
((SELECT id FROM teams WHERE name = 'MIA Heretics'), (SELECT id FROM players WHERE gamertag = 'Lucky'), 6, true, '2024-11-01'),
((SELECT id FROM teams WHERE name = 'MIA Heretics'), (SELECT id FROM players WHERE gamertag = 'MettalZ'), 6, true, '2024-11-01'),
((SELECT id FROM teams WHERE name = 'MIA Heretics'), (SELECT id FROM players WHERE gamertag = 'ReeaL'), 6, true, '2024-11-01'),
((SELECT id FROM teams WHERE name = 'MIA Heretics'), (SELECT id FROM players WHERE gamertag = 'RenKoR'), 6, true, '2024-11-01'),
((SELECT id FROM teams WHERE name = 'OpTic TEX'), (SELECT id FROM players WHERE gamertag = 'Shotzzy'), 6, true, '2024-11-01'),
((SELECT id FROM teams WHERE name = 'OpTic TEX'), (SELECT id FROM players WHERE gamertag = 'Dashy'), 6, true, '2024-11-01'),
((SELECT id FROM teams WHERE name = 'OpTic TEX'), (SELECT id FROM players WHERE gamertag = 'Pred'), 6, true, '2024-11-01'),
((SELECT id FROM teams WHERE name = 'OpTic TEX'), (SELECT id FROM players WHERE gamertag = 'Skyz'), 6, true, '2024-11-01'),
((SELECT id FROM teams WHERE name = 'LA Guerrillas M8'), (SELECT id FROM players WHERE gamertag = 'Lynz'), 6, true, '2024-11-01'),
((SELECT id FROM teams WHERE name = 'LA Guerrillas M8'), (SELECT id FROM players WHERE gamertag = 'KiSMET'), 6, true, '2024-11-01'),
((SELECT id FROM teams WHERE name = 'LA Guerrillas M8'), (SELECT id FROM players WHERE gamertag = 'Priestahh'), 6, true, '2024-11-01'),
((SELECT id FROM teams WHERE name = 'LA Guerrillas M8'), (SELECT id FROM players WHERE gamertag = 'Lunarz'), 6, true, '2024-11-01'),
((SELECT id FROM teams WHERE name = 'LV Falcons'), (SELECT id FROM players WHERE gamertag = 'Exnid'), 6, true, '2024-11-01'),
((SELECT id FROM teams WHERE name = 'LV Falcons'), (SELECT id FROM players WHERE gamertag = 'd7oom'), 6, true, '2024-11-01'),
((SELECT id FROM teams WHERE name = 'LV Falcons'), (SELECT id FROM players WHERE gamertag = 'KiinG'), 6, true, '2024-11-01'),
((SELECT id FROM teams WHERE name = 'LV Falcons'), (SELECT id FROM players WHERE gamertag = 'WXSL'), 6, true, '2024-11-01');

INSERT INTO player_tournament_stats (player_id, team_id, tournament_id, total_kills, total_deaths, total_assists, total_damage, kd_ratio, kda_ratio) VALUES
((SELECT id FROM players WHERE gamertag = 'Ghosty'), (SELECT id FROM teams WHERE name = 'LA Thieves'), 2, 294, 303, 0, 0, 0.970, 0.970),
((SELECT id FROM players WHERE gamertag = 'Scrap'), (SELECT id FROM teams WHERE name = 'LA Thieves'), 2, 356, 326, 0, 0, 1.092, 1.092),
((SELECT id FROM players WHERE gamertag = 'HyDra'), (SELECT id FROM teams WHERE name = 'LA Thieves'), 2, 355, 336, 0, 0, 1.057, 1.057),
((SELECT id FROM players WHERE gamertag = 'Envoy'), (SELECT id FROM teams WHERE name = 'LA Thieves'), 2, 323, 352, 0, 0, 0.918, 0.918),
((SELECT id FROM players WHERE gamertag = 'aBeZy'), (SELECT id FROM teams WHERE name = 'ATL FaZe'), 2, 289, 307, 0, 0, 0.941, 0.941),
((SELECT id FROM players WHERE gamertag = 'Cellium'), (SELECT id FROM teams WHERE name = 'ATL FaZe'), 2, 324, 250, 0, 0, 1.296, 1.296),
((SELECT id FROM players WHERE gamertag = 'Simp'), (SELECT id FROM teams WHERE name = 'ATL FaZe'), 2, 319, 300, 0, 0, 1.063, 1.063),
((SELECT id FROM players WHERE gamertag = 'Drazah'), (SELECT id FROM teams WHERE name = 'ATL FaZe'), 2, 310, 280, 0, 0, 1.107, 1.107),
((SELECT id FROM players WHERE gamertag = 'CleanX'), (SELECT id FROM teams WHERE name = 'TOR Ultra'), 2, 381, 368, 0, 0, 1.035, 1.035),
((SELECT id FROM players WHERE gamertag = 'Insight'), (SELECT id FROM teams WHERE name = 'TOR Ultra'), 2, 315, 315, 0, 0, 1.000, 1.000),
((SELECT id FROM players WHERE gamertag = 'Beans'), (SELECT id FROM teams WHERE name = 'TOR Ultra'), 2, 355, 325, 0, 0, 1.092, 1.092),
((SELECT id FROM players WHERE gamertag = 'JoeDeceives'), (SELECT id FROM teams WHERE name = 'TOR Ultra'), 2, 399, 346, 0, 0, 1.153, 1.153),
((SELECT id FROM players WHERE gamertag = 'Gwinn'), (SELECT id FROM teams WHERE name = 'CAR Royal Ravens'), 2, 154, 156, 0, 0, 0.987, 0.987),
((SELECT id FROM players WHERE gamertag = 'TJHaLy'), (SELECT id FROM teams WHERE name = 'CAR Royal Ravens'), 2, 172, 183, 0, 0, 0.940, 0.940),
((SELECT id FROM players WHERE gamertag = 'SlasheR'), (SELECT id FROM teams WHERE name = 'CAR Royal Ravens'), 2, 145, 148, 0, 0, 0.980, 0.980),
((SELECT id FROM players WHERE gamertag = 'Vivid'), (SELECT id FROM teams WHERE name = 'CAR Royal Ravens'), 2, 146, 170, 0, 0, 0.859, 0.859),
((SELECT id FROM players WHERE gamertag = 'Abuzah'), (SELECT id FROM teams WHERE name = 'VAN Surge'), 2, 390, 409, 0, 0, 0.954, 0.954),
((SELECT id FROM players WHERE gamertag = '04'), (SELECT id FROM teams WHERE name = 'VAN Surge'), 2, 424, 420, 0, 0, 1.010, 1.010),
((SELECT id FROM players WHERE gamertag = 'Nastie'), (SELECT id FROM teams WHERE name = 'VAN Surge'), 2, 389, 357, 0, 0, 1.090, 1.090),
((SELECT id FROM players WHERE gamertag = 'Neptune'), (SELECT id FROM teams WHERE name = 'VAN Surge'), 2, 459, 418, 0, 0, 1.098, 1.098),
((SELECT id FROM players WHERE gamertag = 'Sib'), (SELECT id FROM teams WHERE name = 'Cloud9 NY'), 2, 202, 204, 0, 0, 0.990, 0.990),
((SELECT id FROM players WHERE gamertag = 'Attach'), (SELECT id FROM teams WHERE name = 'Cloud9 NY'), 2, 161, 188, 0, 0, 0.856, 0.856),
((SELECT id FROM players WHERE gamertag = 'Kremp'), (SELECT id FROM teams WHERE name = 'Cloud9 NY'), 2, 215, 197, 0, 0, 1.091, 1.091),
((SELECT id FROM players WHERE gamertag = 'Mack'), (SELECT id FROM teams WHERE name = 'Cloud9 NY'), 2, 199, 211, 0, 0, 0.943, 0.943),
((SELECT id FROM players WHERE gamertag = 'Nero'), (SELECT id FROM teams WHERE name = 'MIN RØKKR'), 2, 80, 114, 0, 0, 0.702, 0.702),
((SELECT id FROM players WHERE gamertag = 'Gio'), (SELECT id FROM teams WHERE name = 'MIN RØKKR'), 2, 120, 98, 0, 0, 1.225, 1.225),
((SELECT id FROM players WHERE gamertag = 'Estreal'), (SELECT id FROM teams WHERE name = 'MIN RØKKR'), 2, 106, 116, 0, 0, 0.914, 0.914),
((SELECT id FROM players WHERE gamertag = 'PaulEhx'), (SELECT id FROM teams WHERE name = 'MIN RØKKR'), 2, 66, 114, 0, 0, 0.579, 0.579),
((SELECT id FROM players WHERE gamertag = 'Snoopy'), (SELECT id FROM teams WHERE name = 'BOS Breach'), 2, 244, 244, 0, 0, 1.000, 1.000),
((SELECT id FROM players WHERE gamertag = 'Cammy'), (SELECT id FROM teams WHERE name = 'BOS Breach'), 2, 240, 249, 0, 0, 0.964, 0.964),
((SELECT id FROM players WHERE gamertag = 'Owakening'), (SELECT id FROM teams WHERE name = 'BOS Breach'), 2, 228, 241, 0, 0, 0.946, 0.946),
((SELECT id FROM players WHERE gamertag = 'Purj'), (SELECT id FROM teams WHERE name = 'BOS Breach'), 2, 218, 258, 0, 0, 0.845, 0.845),
((SELECT id FROM players WHERE gamertag = 'Lucky'), (SELECT id FROM teams WHERE name = 'MIA Heretics'), 2, 68, 92, 0, 0, 0.739, 0.739),
((SELECT id FROM players WHERE gamertag = 'MettalZ'), (SELECT id FROM teams WHERE name = 'MIA Heretics'), 2, 97, 94, 0, 0, 1.032, 1.032),
((SELECT id FROM players WHERE gamertag = 'ReeaL'), (SELECT id FROM teams WHERE name = 'MIA Heretics'), 2, 117, 89, 0, 0, 1.315, 1.315),
((SELECT id FROM players WHERE gamertag = 'RenKoR'), (SELECT id FROM teams WHERE name = 'MIA Heretics'), 2, 96, 84, 0, 0, 1.143, 1.143),
((SELECT id FROM players WHERE gamertag = 'Shotzzy'), (SELECT id FROM teams WHERE name = 'OpTic TEX'), 2, 107, 100, 0, 0, 1.070, 1.070),
((SELECT id FROM players WHERE gamertag = 'Dashy'), (SELECT id FROM teams WHERE name = 'OpTic TEX'), 2, 108, 96, 0, 0, 1.125, 1.125),
((SELECT id FROM players WHERE gamertag = 'Pred'), (SELECT id FROM teams WHERE name = 'OpTic TEX'), 2, 116, 107, 0, 0, 1.084, 1.084),
((SELECT id FROM players WHERE gamertag = 'Skyz'), (SELECT id FROM teams WHERE name = 'OpTic TEX'), 2, 86, 113, 0, 0, 0.761, 0.761),
((SELECT id FROM players WHERE gamertag = 'Lynz'), (SELECT id FROM teams WHERE name = 'LA Guerrillas M8'), 2, 39, 51, 0, 0, 0.765, 0.765),
((SELECT id FROM players WHERE gamertag = 'KiSMET'), (SELECT id FROM teams WHERE name = 'LA Guerrillas M8'), 2, 47, 56, 0, 0, 0.839, 0.839),
((SELECT id FROM players WHERE gamertag = 'Priestahh'), (SELECT id FROM teams WHERE name = 'LA Guerrillas M8'), 2, 35, 56, 0, 0, 0.625, 0.625),
((SELECT id FROM players WHERE gamertag = 'Lunarz'), (SELECT id FROM teams WHERE name = 'LA Guerrillas M8'), 2, 47, 57, 0, 0, 0.825, 0.825),
((SELECT id FROM players WHERE gamertag = 'Exnid'), (SELECT id FROM teams WHERE name = 'LV Falcons'), 2, 44, 53, 0, 0, 0.830, 0.830),
((SELECT id FROM players WHERE gamertag = 'd7oom'), (SELECT id FROM teams WHERE name = 'LV Falcons'), 2, 37, 49, 0, 0, 0.755, 0.755),
((SELECT id FROM players WHERE gamertag = 'KiinG'), (SELECT id FROM teams WHERE name = 'LV Falcons'), 2, 43, 49, 0, 0, 0.878, 0.878),
((SELECT id FROM players WHERE gamertag = 'WXSL'), (SELECT id FROM teams WHERE name = 'LV Falcons'), 2, 33, 52, 0, 0, 0.635, 0.635);
-- Major 3
INSERT INTO team_rosters (team_id, player_id, season_id, is_starter, start_date) VALUES
((SELECT id FROM teams WHERE name = 'LA Thieves'), (SELECT id FROM players WHERE gamertag = 'Ghosty'), 6, true, '2024-11-01'),
((SELECT id FROM teams WHERE name = 'LA Thieves'), (SELECT id FROM players WHERE gamertag = 'Scrap'), 6, true, '2024-11-01'),
((SELECT id FROM teams WHERE name = 'LA Thieves'), (SELECT id FROM players WHERE gamertag = 'HyDra'), 6, true, '2024-11-01'),
((SELECT id FROM teams WHERE name = 'LA Thieves'), (SELECT id FROM players WHERE gamertag = 'Envoy'), 6, true, '2024-11-01'),
((SELECT id FROM teams WHERE name = 'BOS Breach'), (SELECT id FROM players WHERE gamertag = 'Snoopy'), 6, true, '2024-11-01'),
((SELECT id FROM teams WHERE name = 'BOS Breach'), (SELECT id FROM players WHERE gamertag = 'Cammy'), 6, true, '2024-11-01'),
((SELECT id FROM teams WHERE name = 'BOS Breach'), (SELECT id FROM players WHERE gamertag = 'Owakening'), 6, true, '2024-11-01'),
((SELECT id FROM teams WHERE name = 'BOS Breach'), (SELECT id FROM players WHERE gamertag = 'Purj'), 6, true, '2024-11-01'),
((SELECT id FROM teams WHERE name = 'VAN Surge'), (SELECT id FROM players WHERE gamertag = 'Abuzah'), 6, true, '2024-11-01'),
((SELECT id FROM teams WHERE name = 'VAN Surge'), (SELECT id FROM players WHERE gamertag = '04'), 6, true, '2024-11-01'),
((SELECT id FROM teams WHERE name = 'VAN Surge'), (SELECT id FROM players WHERE gamertag = 'Nastie'), 6, true, '2024-11-01'),
((SELECT id FROM teams WHERE name = 'VAN Surge'), (SELECT id FROM players WHERE gamertag = 'Neptune'), 6, true, '2024-11-01'),
((SELECT id FROM teams WHERE name = 'MIA Heretics'), (SELECT id FROM players WHERE gamertag = 'MettalZ'), 6, true, '2024-11-01'),
((SELECT id FROM teams WHERE name = 'MIA Heretics'), (SELECT id FROM players WHERE gamertag = 'ReeaL'), 6, true, '2024-11-01'),
((SELECT id FROM teams WHERE name = 'MIA Heretics'), (SELECT id FROM players WHERE gamertag = 'RenKoR'), 6, true, '2024-11-01'),
((SELECT id FROM teams WHERE name = 'MIA Heretics'), (SELECT id FROM players WHERE gamertag = 'SupeR'), 6, true, '2024-11-01'),
((SELECT id FROM teams WHERE name = 'TOR Ultra'), (SELECT id FROM players WHERE gamertag = 'CleanX'), 6, true, '2024-11-01'),
((SELECT id FROM teams WHERE name = 'TOR Ultra'), (SELECT id FROM players WHERE gamertag = 'Insight'), 6, true, '2024-11-01'),
((SELECT id FROM teams WHERE name = 'TOR Ultra'), (SELECT id FROM players WHERE gamertag = 'JoeDeceives'), 6, true, '2024-11-01'),
((SELECT id FROM teams WHERE name = 'TOR Ultra'), (SELECT id FROM players WHERE gamertag = 'Mercules'), 6, true, '2024-11-01'),
((SELECT id FROM teams WHERE name = 'ATL FaZe'), (SELECT id FROM players WHERE gamertag = 'aBeZy'), 6, true, '2024-11-01'),
((SELECT id FROM teams WHERE name = 'ATL FaZe'), (SELECT id FROM players WHERE gamertag = 'Cellium'), 6, true, '2024-11-01'),
((SELECT id FROM teams WHERE name = 'ATL FaZe'), (SELECT id FROM players WHERE gamertag = 'Simp'), 6, true, '2024-11-01'),
((SELECT id FROM teams WHERE name = 'ATL FaZe'), (SELECT id FROM players WHERE gamertag = 'Drazah'), 6, true, '2024-11-01'),
((SELECT id FROM teams WHERE name = 'OpTic TEX'), (SELECT id FROM players WHERE gamertag = 'Shotzzy'), 6, true, '2024-11-01'),
((SELECT id FROM teams WHERE name = 'OpTic TEX'), (SELECT id FROM players WHERE gamertag = 'Dashy'), 6, true, '2024-11-01'),
((SELECT id FROM teams WHERE name = 'OpTic TEX'), (SELECT id FROM players WHERE gamertag = 'Skyz'), 6, true, '2024-11-01'),
((SELECT id FROM teams WHERE name = 'OpTic TEX'), (SELECT id FROM players WHERE gamertag = 'Huke'), 6, true, '2024-11-01'),
((SELECT id FROM teams WHERE name = 'CAR Royal Ravens'), (SELECT id FROM players WHERE gamertag = 'Gwinn'), 6, true, '2024-11-01'),
((SELECT id FROM teams WHERE name = 'CAR Royal Ravens'), (SELECT id FROM players WHERE gamertag = 'TJHaLy'), 6, true, '2024-11-01'),
((SELECT id FROM teams WHERE name = 'CAR Royal Ravens'), (SELECT id FROM players WHERE gamertag = 'SlasheR'), 6, true, '2024-11-01'),
((SELECT id FROM teams WHERE name = 'CAR Royal Ravens'), (SELECT id FROM players WHERE gamertag = 'Wrecks'), 6, true, '2024-11-01'),
((SELECT id FROM teams WHERE name = 'MIN RØKKR'), (SELECT id FROM players WHERE gamertag = 'Nero'), 6, true, '2024-11-01'),
((SELECT id FROM teams WHERE name = 'MIN RØKKR'), (SELECT id FROM players WHERE gamertag = 'Gio'), 6, true, '2024-11-01'),
((SELECT id FROM teams WHERE name = 'MIN RØKKR'), (SELECT id FROM players WHERE gamertag = 'Estreal'), 6, true, '2024-11-01'),
((SELECT id FROM teams WHERE name = 'MIN RØKKR'), (SELECT id FROM players WHERE gamertag = 'Kenny'), 6, true, '2024-11-01'),
((SELECT id FROM teams WHERE name = 'LV Falcons'), (SELECT id FROM players WHERE gamertag = 'Exnid'), 6, true, '2024-11-01'),
((SELECT id FROM teams WHERE name = 'LV Falcons'), (SELECT id FROM players WHERE gamertag = 'Pred'), 6, true, '2024-11-01'),
((SELECT id FROM teams WHERE name = 'LV Falcons'), (SELECT id FROM players WHERE gamertag = 'Arcitys'), 6, true, '2024-11-01'),
((SELECT id FROM teams WHERE name = 'LV Falcons'), (SELECT id FROM players WHERE gamertag = 'Priestahh'), 6, true, '2024-11-01');

INSERT INTO player_tournament_stats (player_id, team_id, tournament_id, total_kills, total_deaths, total_assists, total_damage, kd_ratio, kda_ratio) VALUES
((SELECT id FROM players WHERE gamertag = 'Ghosty'), (SELECT id FROM teams WHERE name = 'LA Thieves'), 3, 239, 244, 0, 0, 0.980, 0.980),
((SELECT id FROM players WHERE gamertag = 'Scrap'), (SELECT id FROM teams WHERE name = 'LA Thieves'), 3, 299, 245, 0, 0, 1.220, 1.220),
((SELECT id FROM players WHERE gamertag = 'HyDra'), (SELECT id FROM teams WHERE name = 'LA Thieves'), 3, 311, 245, 0, 0, 1.269, 1.269),
((SELECT id FROM players WHERE gamertag = 'Envoy'), (SELECT id FROM teams WHERE name = 'LA Thieves'), 3, 272, 261, 0, 0, 1.042, 1.042),
((SELECT id FROM players WHERE gamertag = 'Snoopy'), (SELECT id FROM teams WHERE name = 'BOS Breach'), 3, 195, 218, 0, 0, 0.895, 0.895),
((SELECT id FROM players WHERE gamertag = 'Cammy'), (SELECT id FROM teams WHERE name = 'BOS Breach'), 3, 181, 221, 0, 0, 0.819, 0.819),
((SELECT id FROM players WHERE gamertag = 'Owakening'), (SELECT id FROM teams WHERE name = 'BOS Breach'), 3, 197, 212, 0, 0, 0.929, 0.929),
((SELECT id FROM players WHERE gamertag = 'Purj'), (SELECT id FROM teams WHERE name = 'BOS Breach'), 3, 218, 220, 0, 0, 0.991, 0.991),
((SELECT id FROM players WHERE gamertag = 'Abuzah'), (SELECT id FROM teams WHERE name = 'VAN Surge'), 3, 381, 370, 0, 0, 1.030, 1.030),
((SELECT id FROM players WHERE gamertag = '04'), (SELECT id FROM teams WHERE name = 'VAN Surge'), 3, 366, 412, 0, 0, 0.888, 0.888),
((SELECT id FROM players WHERE gamertag = 'Nastie'), (SELECT id FROM teams WHERE name = 'VAN Surge'), 3, 382, 353, 0, 0, 1.082, 1.082),
((SELECT id FROM players WHERE gamertag = 'Neptune'), (SELECT id FROM teams WHERE name = 'VAN Surge'), 3, 411, 408, 0, 0, 1.007, 1.007),
((SELECT id FROM players WHERE gamertag = 'MettalZ'), (SELECT id FROM teams WHERE name = 'MIA Heretics'), 3, 318, 321, 0, 0, 0.991, 0.991),
((SELECT id FROM players WHERE gamertag = 'ReeaL'), (SELECT id FROM teams WHERE name = 'MIA Heretics'), 3, 292, 299, 0, 0, 0.977, 0.977),
((SELECT id FROM players WHERE gamertag = 'RenKoR'), (SELECT id FROM teams WHERE name = 'MIA Heretics'), 3, 296, 293, 0, 0, 1.010, 1.010),
((SELECT id FROM players WHERE gamertag = 'SupeR'), (SELECT id FROM teams WHERE name = 'MIA Heretics'), 3, 280, 272, 0, 0, 1.029, 1.029),
((SELECT id FROM players WHERE gamertag = 'CleanX'), (SELECT id FROM teams WHERE name = 'TOR Ultra'), 3, 483, 490, 0, 0, 0.986, 0.986),
((SELECT id FROM players WHERE gamertag = 'Insight'), (SELECT id FROM teams WHERE name = 'TOR Ultra'), 3, 426, 418, 0, 0, 1.019, 1.019),
((SELECT id FROM players WHERE gamertag = 'JoeDeceives'), (SELECT id FROM teams WHERE name = 'TOR Ultra'), 3, 507, 454, 0, 0, 1.117, 1.117),
((SELECT id FROM players WHERE gamertag = 'Mercules'), (SELECT id FROM teams WHERE name = 'TOR Ultra'), 3, 474, 440, 0, 0, 1.077, 1.077),
((SELECT id FROM players WHERE gamertag = 'aBeZy'), (SELECT id FROM teams WHERE name = 'ATL FaZe'), 3, 258, 256, 0, 0, 1.008, 1.008),
((SELECT id FROM players WHERE gamertag = 'Cellium'), (SELECT id FROM teams WHERE name = 'ATL FaZe'), 3, 256, 228, 0, 0, 1.123, 1.123),
((SELECT id FROM players WHERE gamertag = 'Simp'), (SELECT id FROM teams WHERE name = 'ATL FaZe'), 3, 276, 255, 0, 0, 1.082, 1.082),
((SELECT id FROM players WHERE gamertag = 'Drazah'), (SELECT id FROM teams WHERE name = 'ATL FaZe'), 3, 242, 258, 0, 0, 0.938, 0.938),
((SELECT id FROM players WHERE gamertag = 'Shotzzy'), (SELECT id FROM teams WHERE name = 'OpTic TEX'), 3, 201, 183, 0, 0, 1.098, 1.098),
((SELECT id FROM players WHERE gamertag = 'Dashy'), (SELECT id FROM teams WHERE name = 'OpTic TEX'), 3, 190, 177, 0, 0, 1.073, 1.073),
((SELECT id FROM players WHERE gamertag = 'Skyz'), (SELECT id FROM teams WHERE name = 'OpTic TEX'), 3, 146, 177, 0, 0, 0.825, 0.825),
((SELECT id FROM players WHERE gamertag = 'Huke'), (SELECT id FROM teams WHERE name = 'OpTic TEX'), 3, 182, 177, 0, 0, 1.028, 1.028),
((SELECT id FROM players WHERE gamertag = 'Gwinn'), (SELECT id FROM teams WHERE name = 'CAR Royal Ravens'), 3, 136, 136, 0, 0, 1.000, 1.000),
((SELECT id FROM players WHERE gamertag = 'TJHaLy'), (SELECT id FROM teams WHERE name = 'CAR Royal Ravens'), 3, 121, 146, 0, 0, 0.829, 0.829),
((SELECT id FROM players WHERE gamertag = 'SlasheR'), (SELECT id FROM teams WHERE name = 'CAR Royal Ravens'), 3, 111, 121, 0, 0, 0.917, 0.917),
((SELECT id FROM players WHERE gamertag = 'Wrecks'), (SELECT id FROM teams WHERE name = 'CAR Royal Ravens'), 3, 110, 143, 0, 0, 0.769, 0.769),
((SELECT id FROM players WHERE gamertag = 'Nero'), (SELECT id FROM teams WHERE name = 'MIN RØKKR'), 3, 166, 155, 0, 0, 1.071, 1.071),
((SELECT id FROM players WHERE gamertag = 'Gio'), (SELECT id FROM teams WHERE name = 'MIN RØKKR'), 3, 163, 155, 0, 0, 1.052, 1.052),
((SELECT id FROM players WHERE gamertag = 'Estreal'), (SELECT id FROM teams WHERE name = 'MIN RØKKR'), 3, 156, 159, 0, 0, 0.981, 0.981),
((SELECT id FROM players WHERE gamertag = 'Kenny'), (SELECT id FROM teams WHERE name = 'MIN RØKKR'), 3, 158, 165, 0, 0, 0.958, 0.958),
((SELECT id FROM players WHERE gamertag = 'Exnid'), (SELECT id FROM teams WHERE name = 'LV Falcons'), 3, 62, 61, 0, 0, 1.016, 1.016),
((SELECT id FROM players WHERE gamertag = 'Pred'), (SELECT id FROM teams WHERE name = 'LV Falcons'), 3, 48, 59, 0, 0, 0.814, 0.814),
((SELECT id FROM players WHERE gamertag = 'Arcitys'), (SELECT id FROM teams WHERE name = 'LV Falcons'), 3, 49, 57, 0, 0, 0.860, 0.860),
((SELECT id FROM players WHERE gamertag = 'Priestahh'), (SELECT id FROM teams WHERE name = 'LV Falcons'), 3, 38, 60, 0, 0, 0.633, 0.633),
((SELECT id FROM players WHERE gamertag = 'Sib'), (SELECT id FROM teams WHERE name = 'Cloud9 NY'), 3, 46, 47, 0, 0, 0.979, 0.979),
((SELECT id FROM players WHERE gamertag = 'Attach'), (SELECT id FROM teams WHERE name = 'Cloud9 NY'), 3, 30, 42, 0, 0, 0.714, 0.714),
((SELECT id FROM players WHERE gamertag = 'Kremp'), (SELECT id FROM teams WHERE name = 'Cloud9 NY'), 3, 33, 45, 0, 0, 0.733, 0.733),
((SELECT id FROM players WHERE gamertag = 'Mack'), (SELECT id FROM teams WHERE name = 'Cloud9 NY'), 3, 42, 46, 0, 0, 0.913, 0.913),
((SELECT id FROM players WHERE gamertag = 'KiSMET'), (SELECT id FROM teams WHERE name = 'LA Guerrillas M8'), 3, 40, 63, 0, 0, 0.635, 0.635),
((SELECT id FROM players WHERE gamertag = 'Lunarz'), (SELECT id FROM teams WHERE name = 'LA Guerrillas M8'), 3, 45, 50, 0, 0, 0.900, 0.900),
((SELECT id FROM players WHERE gamertag = 'FeLo'), (SELECT id FROM teams WHERE name = 'LA Guerrillas M8'), 3, 42, 50, 0, 0, 0.840, 0.840),
((SELECT id FROM players WHERE gamertag = 'oJohnny'), (SELECT id FROM teams WHERE name = 'LA Guerrillas M8'), 3, 42, 60, 0, 0, 0.700, 0.700);
-- Major 4
INSERT INTO team_rosters (team_id, player_id, season_id, is_starter, start_date) VALUES
((SELECT id FROM teams WHERE name = 'MIA Heretics'), (SELECT id FROM players WHERE gamertag = 'MettalZ'), 6, true, '2024-11-01'),
((SELECT id FROM teams WHERE name = 'MIA Heretics'), (SELECT id FROM players WHERE gamertag = 'ReeaL'), 6, true, '2024-11-01'),
((SELECT id FROM teams WHERE name = 'MIA Heretics'), (SELECT id FROM players WHERE gamertag = 'RenKoR'), 6, true, '2024-11-01'),
((SELECT id FROM teams WHERE name = 'MIA Heretics'), (SELECT id FROM players WHERE gamertag = 'SupeR'), 6, true, '2024-11-01'),
((SELECT id FROM teams WHERE name = 'ATL FaZe'), (SELECT id FROM players WHERE gamertag = 'aBeZy'), 6, true, '2024-11-01'),
((SELECT id FROM teams WHERE name = 'ATL FaZe'), (SELECT id FROM players WHERE gamertag = 'Cellium'), 6, true, '2024-11-01'),
((SELECT id FROM teams WHERE name = 'ATL FaZe'), (SELECT id FROM players WHERE gamertag = 'Simp'), 6, true, '2024-11-01'),
((SELECT id FROM teams WHERE name = 'ATL FaZe'), (SELECT id FROM players WHERE gamertag = 'Drazah'), 6, true, '2024-11-01'),
((SELECT id FROM teams WHERE name = 'OpTic TEX'), (SELECT id FROM players WHERE gamertag = 'Shotzzy'), 6, true, '2024-11-01'),
((SELECT id FROM teams WHERE name = 'OpTic TEX'), (SELECT id FROM players WHERE gamertag = 'Dashy'), 6, true, '2024-11-01'),
((SELECT id FROM teams WHERE name = 'OpTic TEX'), (SELECT id FROM players WHERE gamertag = 'Huke'), 6, true, '2024-11-01'),
((SELECT id FROM teams WHERE name = 'OpTic TEX'), (SELECT id FROM players WHERE gamertag = 'Mercules'), 6, true, '2024-11-01'),
((SELECT id FROM teams WHERE name = 'LA Thieves'), (SELECT id FROM players WHERE gamertag = 'Ghosty'), 6, true, '2024-11-01'),
((SELECT id FROM teams WHERE name = 'LA Thieves'), (SELECT id FROM players WHERE gamertag = 'Scrap'), 6, true, '2024-11-01'),
((SELECT id FROM teams WHERE name = 'LA Thieves'), (SELECT id FROM players WHERE gamertag = 'HyDra'), 6, true, '2024-11-01'),
((SELECT id FROM teams WHERE name = 'LA Thieves'), (SELECT id FROM players WHERE gamertag = 'Envoy'), 6, true, '2024-11-01'),
((SELECT id FROM teams WHERE name = 'VAN Surge'), (SELECT id FROM players WHERE gamertag = 'Abuzah'), 6, true, '2024-11-01'),
((SELECT id FROM teams WHERE name = 'VAN Surge'), (SELECT id FROM players WHERE gamertag = '04'), 6, true, '2024-11-01'),
((SELECT id FROM teams WHERE name = 'VAN Surge'), (SELECT id FROM players WHERE gamertag = 'Nastie'), 6, true, '2024-11-01'),
((SELECT id FROM teams WHERE name = 'VAN Surge'), (SELECT id FROM players WHERE gamertag = 'Neptune'), 6, true, '2024-11-01'),
((SELECT id FROM teams WHERE name = 'TOR Ultra'), (SELECT id FROM players WHERE gamertag = 'CleanX'), 6, true, '2024-11-01'),
((SELECT id FROM teams WHERE name = 'TOR Ultra'), (SELECT id FROM players WHERE gamertag = 'Insight'), 6, true, '2024-11-01'),
((SELECT id FROM teams WHERE name = 'TOR Ultra'), (SELECT id FROM players WHERE gamertag = 'Beans'), 6, true, '2024-11-01'),
((SELECT id FROM teams WHERE name = 'TOR Ultra'), (SELECT id FROM players WHERE gamertag = 'JoeDeceives'), 6, true, '2024-11-01'),
((SELECT id FROM teams WHERE name = 'Cloud9 NY'), (SELECT id FROM players WHERE gamertag = 'Sib'), 6, true, '2024-11-01'),
((SELECT id FROM teams WHERE name = 'Cloud9 NY'), (SELECT id FROM players WHERE gamertag = 'Kremp'), 6, true, '2024-11-01'),
((SELECT id FROM teams WHERE name = 'Cloud9 NY'), (SELECT id FROM players WHERE gamertag = 'Capsidal'), 6, true, '2024-11-01'),
((SELECT id FROM teams WHERE name = 'Cloud9 NY'), (SELECT id FROM players WHERE gamertag = 'Spart'), 6, true, '2024-11-01'),
((SELECT id FROM teams WHERE name = 'MIN RØKKR'), (SELECT id FROM players WHERE gamertag = 'Nero'), 6, true, '2024-11-01'),
((SELECT id FROM teams WHERE name = 'MIN RØKKR'), (SELECT id FROM players WHERE gamertag = 'Gio'), 6, true, '2024-11-01'),
((SELECT id FROM teams WHERE name = 'MIN RØKKR'), (SELECT id FROM players WHERE gamertag = 'Estreal'), 6, true, '2024-11-01'),
((SELECT id FROM teams WHERE name = 'MIN RØKKR'), (SELECT id FROM players WHERE gamertag = 'Kenny'), 6, true, '2024-11-01'),
((SELECT id FROM teams WHERE name = 'BOS Breach'), (SELECT id FROM players WHERE gamertag = 'Snoopy'), 6, true, '2024-11-01'),
((SELECT id FROM teams WHERE name = 'BOS Breach'), (SELECT id FROM players WHERE gamertag = 'Cammy'), 6, true, '2024-11-01'),
((SELECT id FROM teams WHERE name = 'BOS Breach'), (SELECT id FROM players WHERE gamertag = 'Owakening'), 6, true, '2024-11-01'),
((SELECT id FROM teams WHERE name = 'BOS Breach'), (SELECT id FROM players WHERE gamertag = 'Purj'), 6, true, '2024-11-01'),
((SELECT id FROM teams WHERE name = 'LA Guerrillas M8'), (SELECT id FROM players WHERE gamertag = 'KiSMET'), 6, true, '2024-11-01'),
((SELECT id FROM teams WHERE name = 'LA Guerrillas M8'), (SELECT id FROM players WHERE gamertag = 'Lunarz'), 6, true, '2024-11-01'),
((SELECT id FROM teams WHERE name = 'LA Guerrillas M8'), (SELECT id FROM players WHERE gamertag = 'oJohnny'), 6, true, '2024-11-01'),
((SELECT id FROM teams WHERE name = 'LA Guerrillas M8'), (SELECT id FROM players WHERE gamertag = 'FeLo'), 6, true, '2024-11-01'),
((SELECT id FROM teams WHERE name = 'CAR Royal Ravens'), (SELECT id FROM players WHERE gamertag = 'Gwinn'), 6, true, '2024-11-01'),
((SELECT id FROM teams WHERE name = 'CAR Royal Ravens'), (SELECT id FROM players WHERE gamertag = 'TJHaLy'), 6, true, '2024-11-01'),
((SELECT id FROM teams WHERE name = 'CAR Royal Ravens'), (SELECT id FROM players WHERE gamertag = 'SlasheR'), 6, true, '2024-11-01'),
((SELECT id FROM teams WHERE name = 'CAR Royal Ravens'), (SELECT id FROM players WHERE gamertag = 'Wrecks'), 6, true, '2024-11-01'),
((SELECT id FROM teams WHERE name = 'LV Falcons'), (SELECT id FROM players WHERE gamertag = 'Exnid'), 6, true, '2024-11-01'),
((SELECT id FROM teams WHERE name = 'LV Falcons'), (SELECT id FROM players WHERE gamertag = 'Pred'), 6, true, '2024-11-01'),
((SELECT id FROM teams WHERE name = 'LV Falcons'), (SELECT id FROM players WHERE gamertag = 'Arcitys'), 6, true, '2024-11-01'),
((SELECT id FROM teams WHERE name = 'LV Falcons'), (SELECT id FROM players WHERE gamertag = 'Priestahh'), 6, true, '2024-11-01');

INSERT INTO player_tournament_stats (player_id, team_id, tournament_id, total_kills, total_deaths, total_assists, total_damage, kd_ratio, kda_ratio) VALUES
((SELECT id FROM players WHERE gamertag = 'MettalZ'), (SELECT id FROM teams WHERE name = 'MIA Heretics'), 4, 257, 295, 0, 0, 0.871, 0.871),
((SELECT id FROM players WHERE gamertag = 'ReeaL'), (SELECT id FROM teams WHERE name = 'MIA Heretics'), 4, 296, 279, 0, 0, 1.061, 1.061),
((SELECT id FROM players WHERE gamertag = 'RenKoR'), (SELECT id FROM teams WHERE name = 'MIA Heretics'), 4, 310, 279, 0, 0, 1.111, 1.111),
((SELECT id FROM players WHERE gamertag = 'SupeR'), (SELECT id FROM teams WHERE name = 'MIA Heretics'), 4, 243, 254, 0, 0, 0.957, 0.957),
((SELECT id FROM players WHERE gamertag = 'aBeZy'), (SELECT id FROM teams WHERE name = 'ATL FaZe'), 4, 349, 350, 0, 0, 0.997, 0.997),
((SELECT id FROM players WHERE gamertag = 'Cellium'), (SELECT id FROM teams WHERE name = 'ATL FaZe'), 4, 345, 310, 0, 0, 1.113, 1.113),
((SELECT id FROM players WHERE gamertag = 'Simp'), (SELECT id FROM teams WHERE name = 'ATL FaZe'), 4, 389, 322, 0, 0, 1.208, 1.208),
((SELECT id FROM players WHERE gamertag = 'Drazah'), (SELECT id FROM teams WHERE name = 'ATL FaZe'), 4, 343, 347, 0, 0, 0.989, 0.989),
((SELECT id FROM players WHERE gamertag = 'CleanX'), (SELECT id FROM teams WHERE name = 'TOR Ultra'), 4, 363, 367, 0, 0, 0.989, 0.989),
((SELECT id FROM players WHERE gamertag = 'Insight'), (SELECT id FROM teams WHERE name = 'TOR Ultra'), 4, 292, 331, 0, 0, 0.882, 0.882),
((SELECT id FROM players WHERE gamertag = 'Beans'), (SELECT id FROM teams WHERE name = 'TOR Ultra'), 4, 325, 338, 0, 0, 0.962, 0.962),
((SELECT id FROM players WHERE gamertag = 'JoeDeceives'), (SELECT id FROM teams WHERE name = 'TOR Ultra'), 4, 371, 325, 0, 0, 1.142, 1.142),
((SELECT id FROM players WHERE gamertag = 'Mercules'), (SELECT id FROM teams WHERE name = 'TOR Ultra'), 4, 474, 440, 0, 0, 1.077, 1.077),
((SELECT id FROM players WHERE gamertag = 'Sib'), (SELECT id FROM teams WHERE name = 'Cloud9 NY'), 4, 124, 158, 0, 0, 0.785, 0.785),
((SELECT id FROM players WHERE gamertag = 'Kremp'), (SELECT id FROM teams WHERE name = 'Cloud9 NY'), 4, 132, 149, 0, 0, 0.886, 0.886),
((SELECT id FROM players WHERE gamertag = 'Capsidal'), (SELECT id FROM teams WHERE name = 'Cloud9 NY'), 4, 126, 159, 0, 0, 0.793, 0.793),
((SELECT id FROM players WHERE gamertag = 'Spart'), (SELECT id FROM teams WHERE name = 'Cloud9 NY'), 4, 128, 141, 0, 0, 0.908, 0.908),
((SELECT id FROM players WHERE gamertag = 'Nero'), (SELECT id FROM teams WHERE name = 'MIN RØKKR'), 4, 370, 326, 0, 0, 1.135, 1.135),
((SELECT id FROM players WHERE gamertag = 'Gio'), (SELECT id FROM teams WHERE name = 'MIN RØKKR'), 4, 296, 288, 0, 0, 1.028, 1.028),
((SELECT id FROM players WHERE gamertag = 'Estreal'), (SELECT id FROM teams WHERE name = 'MIN RØKKR'), 4, 283, 303, 0, 0, 0.934, 0.934),
((SELECT id FROM players WHERE gamertag = 'Kenny'), (SELECT id FROM teams WHERE name = 'MIN RØKKR'), 4, 315, 309, 0, 0, 1.019, 1.019),
((SELECT id FROM players WHERE gamertag = 'Snoopy'), (SELECT id FROM teams WHERE name = 'BOS Breach'), 4, 96, 94, 0, 0, 1.021, 1.021),
((SELECT id FROM players WHERE gamertag = 'Cammy'), (SELECT id FROM teams WHERE name = 'BOS Breach'), 4, 97, 104, 0, 0, 0.933, 0.933),
((SELECT id FROM players WHERE gamertag = 'Owakening'), (SELECT id FROM teams WHERE name = 'BOS Breach'), 4, 92, 100, 0, 0, 0.920, 0.920),
((SELECT id FROM players WHERE gamertag = 'Purj'), (SELECT id FROM teams WHERE name = 'BOS Breach'), 4, 95, 109, 0, 0, 0.872, 0.872),
((SELECT id FROM players WHERE gamertag = 'Lucky'), (SELECT id FROM teams WHERE name = 'MIA Heretics'), 4, 68, 92, 0, 0, 0.739, 0.739),
((SELECT id FROM players WHERE gamertag = 'MettalZ'), (SELECT id FROM teams WHERE name = 'MIA Heretics'), 4, 97, 94, 0, 0, 1.032, 1.032),
((SELECT id FROM players WHERE gamertag = 'ReeaL'), (SELECT id FROM teams WHERE name = 'MIA Heretics'), 4, 117, 89, 0, 0, 1.315, 1.315),
((SELECT id FROM players WHERE gamertag = 'RenKoR'), (SELECT id FROM teams WHERE name = 'MIA Heretics'), 4, 96, 84, 0, 0, 1.143, 1.143),
((SELECT id FROM players WHERE gamertag = 'SupeR'), (SELECT id FROM teams WHERE name = 'MIA Heretics'), 4, 280, 272, 0, 0, 1.029, 1.029),
((SELECT id FROM players WHERE gamertag = 'Shotzzy'), (SELECT id FROM teams WHERE name = 'OpTic TEX'), 4, 107, 100, 0, 0, 1.070, 1.070),
((SELECT id FROM players WHERE gamertag = 'Dashy'), (SELECT id FROM teams WHERE name = 'OpTic TEX'), 4, 108, 96, 0, 0, 1.125, 1.125),
((SELECT id FROM players WHERE gamertag = 'Pred'), (SELECT id FROM teams WHERE name = 'OpTic TEX'), 4, 116, 107, 0, 0, 1.084, 1.084),
((SELECT id FROM players WHERE gamertag = 'Skyz'), (SELECT id FROM teams WHERE name = 'OpTic TEX'), 4, 86, 113, 0, 0, 0.761, 0.761),
((SELECT id FROM players WHERE gamertag = 'Lynz'), (SELECT id FROM teams WHERE name = 'LA Guerrillas M8'), 4, 39, 51, 0, 0, 0.765, 0.765),
((SELECT id FROM players WHERE gamertag = 'KiSMET'), (SELECT id FROM teams WHERE name = 'LA Guerrillas M8'), 4, 47, 56, 0, 0, 0.839, 0.839),
((SELECT id FROM players WHERE gamertag = 'Priestahh'), (SELECT id FROM teams WHERE name = 'LA Guerrillas M8'), 4, 35, 56, 0, 0, 0.625, 0.625),
((SELECT id FROM players WHERE gamertag = 'Lunarz'), (SELECT id FROM teams WHERE name = 'LA Guerrillas M8'), 4, 47, 57, 0, 0, 0.825, 0.825),
((SELECT id FROM players WHERE gamertag = 'Exnid'), (SELECT id FROM teams WHERE name = 'LV Falcons'), 4, 186, 176, 0, 0, 1.057, 1.057),
((SELECT id FROM players WHERE gamertag = 'd7oom'), (SELECT id FROM teams WHERE name = 'LV Falcons'), 4, 37, 49, 0, 0, 0.755, 0.755),
((SELECT id FROM players WHERE gamertag = 'KiinG'), (SELECT id FROM teams WHERE name = 'LV Falcons'), 4, 43, 49, 0, 0, 0.878, 0.878),
((SELECT id FROM players WHERE gamertag = 'WXSL'), (SELECT id FROM teams WHERE name = 'LV Falcons'), 4, 33, 52, 0, 0, 0.635, 0.635);

-- Champs
INSERT INTO team_rosters (team_id, player_id, season_id, is_starter, start_date) VALUES
((SELECT id FROM teams WHERE name = 'LA Thieves'), (SELECT id FROM players WHERE gamertag = 'Ghosty'), 6, true, '2024-11-01'),
((SELECT id FROM teams WHERE name = 'LA Thieves'), (SELECT id FROM players WHERE gamertag = 'Scrap'), 6, true, '2024-11-01'),
((SELECT id FROM teams WHERE name = 'LA Thieves'), (SELECT id FROM players WHERE gamertag = 'HyDra'), 6, true, '2024-11-01'),
((SELECT id FROM teams WHERE name = 'LA Thieves'), (SELECT id FROM players WHERE gamertag = 'Envoy'), 6, true, '2024-11-01'),
((SELECT id FROM teams WHERE name = 'ATL FaZe'), (SELECT id FROM players WHERE gamertag = 'aBeZy'), 6, true, '2024-11-01'),
((SELECT id FROM teams WHERE name = 'ATL FaZe'), (SELECT id FROM players WHERE gamertag = 'Cellium'), 6, true, '2024-11-01'),
((SELECT id FROM teams WHERE name = 'ATL FaZe'), (SELECT id FROM players WHERE gamertag = 'Simp'), 6, true, '2024-11-01'),
((SELECT id FROM teams WHERE name = 'ATL FaZe'), (SELECT id FROM players WHERE gamertag = 'Drazah'), 6, true, '2024-11-01'),
((SELECT id FROM teams WHERE name = 'TOR Ultra'), (SELECT id FROM players WHERE gamertag = 'CleanX'), 6, true, '2024-11-01'),
((SELECT id FROM teams WHERE name = 'TOR Ultra'), (SELECT id FROM players WHERE gamertag = 'Insight'), 6, true, '2024-11-01'),
((SELECT id FROM teams WHERE name = 'TOR Ultra'), (SELECT id FROM players WHERE gamertag = 'Beans'), 6, true, '2024-11-01'),
((SELECT id FROM teams WHERE name = 'TOR Ultra'), (SELECT id FROM players WHERE gamertag = 'JoeDeceives'), 6, true, '2024-11-01'),
((SELECT id FROM teams WHERE name = 'VAN Surge'), (SELECT id FROM players WHERE gamertag = 'Abuzah'), 6, true, '2024-11-01'),
((SELECT id FROM teams WHERE name = 'VAN Surge'), (SELECT id FROM players WHERE gamertag = '04'), 6, true, '2024-11-01'),
((SELECT id FROM teams WHERE name = 'VAN Surge'), (SELECT id FROM players WHERE gamertag = 'Nastie'), 6, true, '2024-11-01'),
((SELECT id FROM teams WHERE name = 'VAN Surge'), (SELECT id FROM players WHERE gamertag = 'Neptune'), 6, true, '2024-11-01'),
((SELECT id FROM teams WHERE name = 'MIA Heretics'), (SELECT id FROM players WHERE gamertag = 'MettalZ'), 6, true, '2024-11-01'),
((SELECT id FROM teams WHERE name = 'MIA Heretics'), (SELECT id FROM players WHERE gamertag = 'ReeaL'), 6, true, '2024-11-01'),
((SELECT id FROM teams WHERE name = 'MIA Heretics'), (SELECT id FROM players WHERE gamertag = 'RenKoR'), 6, true, '2024-11-01'),
((SELECT id FROM teams WHERE name = 'MIA Heretics'), (SELECT id FROM players WHERE gamertag = 'SupeR'), 6, true, '2024-11-01'),
((SELECT id FROM teams WHERE name = 'CAR Royal Ravens'), (SELECT id FROM players WHERE gamertag = 'Gwinn'), 6, true, '2024-11-01'),
((SELECT id FROM teams WHERE name = 'CAR Royal Ravens'), (SELECT id FROM players WHERE gamertag = 'TJHaLy'), 6, true, '2024-11-01'),
((SELECT id FROM teams WHERE name = 'CAR Royal Ravens'), (SELECT id FROM players WHERE gamertag = 'SlasheR'), 6, true, '2024-11-01'),
((SELECT id FROM teams WHERE name = 'CAR Royal Ravens'), (SELECT id FROM players WHERE gamertag = 'Wrecks'), 6, true, '2024-11-01'),
((SELECT id FROM teams WHERE name = 'OpTic TEX'), (SELECT id FROM players WHERE gamertag = 'Shotzzy'), 6, true, '2024-11-01'),
((SELECT id FROM teams WHERE name = 'OpTic TEX'), (SELECT id FROM players WHERE gamertag = 'Dashy'), 6, true, '2024-11-01'),
((SELECT id FROM teams WHERE name = 'OpTic TEX'), (SELECT id FROM players WHERE gamertag = 'Huke'), 6, true, '2024-11-01'),
((SELECT id FROM teams WHERE name = 'OpTic TEX'), (SELECT id FROM players WHERE gamertag = 'Mercules'), 6, true, '2024-11-01'),
((SELECT id FROM teams WHERE name = 'BOS Breach'), (SELECT id FROM players WHERE gamertag = 'Snoopy'), 6, true, '2024-11-01'),
((SELECT id FROM teams WHERE name = 'BOS Breach'), (SELECT id FROM players WHERE gamertag = 'Cammy'), 6, true, '2024-11-01'),
((SELECT id FROM teams WHERE name = 'BOS Breach'), (SELECT id FROM players WHERE gamertag = 'Owakening'), 6, true, '2024-11-01'),
((SELECT id FROM teams WHERE name = 'BOS Breach'), (SELECT id FROM players WHERE gamertag = 'Purj'), 6, true, '2024-11-01');

INSERT INTO player_tournament_stats (player_id, team_id, tournament_id, total_kills, total_deaths, total_assists, total_damage, kd_ratio, kda_ratio) VALUES
((SELECT id FROM players WHERE gamertag = 'Ghosty'), (SELECT id FROM teams WHERE name = 'LA Thieves'), 5, 143, 158, 0, 0, 0.905, 0.905),
((SELECT id FROM players WHERE gamertag = 'Scrap'), (SELECT id FROM teams WHERE name = 'LA Thieves'), 5, 158, 165, 0, 0, 0.958, 0.958),
((SELECT id FROM players WHERE gamertag = 'HyDra'), (SELECT id FROM teams WHERE name = 'LA Thieves'), 5, 183, 159, 0, 0, 1.151, 1.151),
((SELECT id FROM players WHERE gamertag = 'Envoy'), (SELECT id FROM teams WHERE name = 'LA Thieves'), 5, 169, 169, 0, 0, 1.000, 1.000),
((SELECT id FROM players WHERE gamertag = 'aBeZy'), (SELECT id FROM teams WHERE name = 'ATL FaZe'), 5, 162, 157, 0, 0, 1.032, 1.032),
((SELECT id FROM players WHERE gamertag = 'Cellium'), (SELECT id FROM teams WHERE name = 'ATL FaZe'), 5, 151, 132, 0, 0, 1.144, 1.144),
((SELECT id FROM players WHERE gamertag = 'Simp'), (SELECT id FROM teams WHERE name = 'ATL FaZe'), 5, 131, 161, 0, 0, 0.814, 0.814),
((SELECT id FROM players WHERE gamertag = 'Drazah'), (SELECT id FROM teams WHERE name = 'ATL FaZe'), 5, 141, 170, 0, 0, 0.829, 0.829),
((SELECT id FROM players WHERE gamertag = 'CleanX'), (SELECT id FROM teams WHERE name = 'TOR Ultra'), 5, 195, 209, 0, 0, 0.933, 0.933),
((SELECT id FROM players WHERE gamertag = 'Insight'), (SELECT id FROM teams WHERE name = 'TOR Ultra'), 5, 151, 190, 0, 0, 0.795, 0.795),
((SELECT id FROM players WHERE gamertag = 'Beans'), (SELECT id FROM teams WHERE name = 'TOR Ultra'), 5, 184, 190, 0, 0, 0.968, 0.968),
((SELECT id FROM players WHERE gamertag = 'JoeDeceives'), (SELECT id FROM teams WHERE name = 'TOR Ultra'), 5, 196, 190, 0, 0, 1.032, 1.032),
((SELECT id FROM players WHERE gamertag = 'Abuzah'), (SELECT id FROM teams WHERE name = 'VAN Surge'), 5, 517, 527, 0, 0, 0.981, 0.981),
((SELECT id FROM players WHERE gamertag = '04'), (SELECT id FROM teams WHERE name = 'VAN Surge'), 5, 543, 563, 0, 0, 0.965, 0.965),
((SELECT id FROM players WHERE gamertag = 'Nastie'), (SELECT id FROM teams WHERE name = 'VAN Surge'), 5, 494, 493, 0, 0, 1.002, 1.002),
((SELECT id FROM players WHERE gamertag = 'Neptune'), (SELECT id FROM teams WHERE name = 'VAN Surge'), 5, 569, 551, 0, 0, 1.033, 1.033),
((SELECT id FROM players WHERE gamertag = 'MettalZ'), (SELECT id FROM teams WHERE name = 'MIA Heretics'), 5, 291, 329, 0, 0, 0.885, 0.885),
((SELECT id FROM players WHERE gamertag = 'ReeaL'), (SELECT id FROM teams WHERE name = 'MIA Heretics'), 5, 326, 295, 0, 0, 1.105, 1.105),
((SELECT id FROM players WHERE gamertag = 'RenKoR'), (SELECT id FROM teams WHERE name = 'MIA Heretics'), 5, 355, 288, 0, 0, 1.233, 1.233),
((SELECT id FROM players WHERE gamertag = 'SupeR'), (SELECT id FROM teams WHERE name = 'MIA Heretics'), 5, 315, 271, 0, 0, 1.162, 1.162),
((SELECT id FROM players WHERE gamertag = 'Gwinn'), (SELECT id FROM teams WHERE name = 'CAR Royal Ravens'), 5, 166, 142, 0, 0, 1.169, 1.169),
((SELECT id FROM players WHERE gamertag = 'TJHaLy'), (SELECT id FROM teams WHERE name = 'CAR Royal Ravens'), 5, 127, 156, 0, 0, 0.814, 0.814),
((SELECT id FROM players WHERE gamertag = 'SlasheR'), (SELECT id FROM teams WHERE name = 'CAR Royal Ravens'), 5, 113, 135, 0, 0, 0.837, 0.837),
((SELECT id FROM players WHERE gamertag = 'Wrecks'), (SELECT id FROM teams WHERE name = 'CAR Royal Ravens'), 5, 107, 145, 0, 0, 0.738, 0.738),
((SELECT id FROM players WHERE gamertag = 'Shotzzy'), (SELECT id FROM teams WHERE name = 'OpTic TEX'), 5, 338, 273, 0, 0, 1.238, 1.238),
((SELECT id FROM players WHERE gamertag = 'Dashy'), (SELECT id FROM teams WHERE name = 'OpTic TEX'), 5, 306, 248, 0, 0, 1.234, 1.234),
((SELECT id FROM players WHERE gamertag = 'Huke'), (SELECT id FROM teams WHERE name = 'OpTic TEX'), 5, 313, 290, 0, 0, 1.079, 1.079),
((SELECT id FROM players WHERE gamertag = 'Mercules'), (SELECT id FROM teams WHERE name = 'OpTic TEX'), 5, 316, 270, 0, 0, 1.170, 1.170),
((SELECT id FROM players WHERE gamertag = 'Snoopy'), (SELECT id FROM teams WHERE name = 'BOS Breach'), 5, 325, 336, 0, 0, 0.967, 0.967),
((SELECT id FROM players WHERE gamertag = 'Cammy'), (SELECT id FROM teams WHERE name = 'BOS Breach'), 5, 299, 338, 0, 0, 0.885, 0.885),
((SELECT id FROM players WHERE gamertag = 'Owakening'), (SELECT id FROM teams WHERE name = 'BOS Breach'), 5, 285, 338, 0, 0, 0.843, 0.843),
((SELECT id FROM players WHERE gamertag = 'Purj'), (SELECT id FROM teams WHERE name = 'BOS Breach'), 5, 315, 339, 0, 0, 0.929, 0.929);